precip,Precip t-1,Precip t-2,Precip t-3,Precip AVG mes,temp t-1,temp t-2,temp t-3,temp AVG mes,rango temp,presion t-1,presion t-2,presion t-3,presion AVG mes,hum t-1,hum t-2,hum t-3,hum AVG mes,vel t-1,vel t-2,vel t-3,Vel AVG mes,rad t-1,rad t-2,rad t-3,rad AVG mes,enero,febrero,marzo,abril,mayo,junio,julio,agosto,septiembre,octubre,noviembre,diciembre,confort,pto rocio
0,0,0,0,0.204086177141903,0.543575735798102,0.564321345540953,0.607133056099079,0.938775510204083,0.775401069518717,0.451543817659426,0.347461572683413,0.325734662698341,0.176923076923082,0.424989945032846,0.298632524467086,0.356079903472316,0.0456692913385836,0.340874233128834,0.426476226993866,0.388995398773007,0.769230769230769,0.315137418941896,0.344525637240428,0.304104481753542,1,1,0,0,0,0,0,0,0,0,0,0,0,0.358796113914219,0.466044987635443
0,0,0,0,0.204086177141903,0.558240136654855,0.543575735798102,0.564321345540953,0.938775510204083,0.748663101604278,0.473512137755484,0.451543817659426,0.347461572683413,0.176923076923082,0.340394154712428,0.424989945032846,0.298632524467086,0.0456692913385836,0.334164110429446,0.340874233128834,0.426476226993866,0.769230769230769,0.321599838749971,0.315137418941896,0.344525637240428,1,1,0,0,0,0,0,0,0,0,0,0,0,0.308325023718615,0.380007631009177
0,0,0,0,0.204086177141903,0.528251089405137,0.558240136654855,0.543575735798102,0.938775510204083,0.67379679144385,0.423160886044102,0.473512137755484,0.451543817659426,0.176923076923082,0.356281002815392,0.340394154712428,0.424989945032846,0.0456692913385836,0.403470092024539,0.334164110429446,0.340874233128834,0.769230769230769,0.315239418095928,0.321599838749971,0.315137418941896,1,1,0,0,0,0,0,0,0,0,0,0,0,0.361752293166365,0.370219239052371
0.496910310734463,0,0,0,0.204086177141903,0.612727768274291,0.528251089405137,0.558240136654855,0.938775510204083,0.636363636363636,0.419574221538646,0.423160886044102,0.473512137755484,0.176923076923082,0.406488805469902,0.356281002815392,0.340394154712428,0.0456692913385836,0.265337423312884,0.403470092024539,0.334164110429446,0.769230769230769,0.258110053144375,0.315239418095928,0.321599838749971,1,1,0,0,0,0,0,0,0,0,0,0,0,0.275340903508691,0.511955818045997
0.0760946327683616,0.496910310734463,0,0,0.204086177141903,0.392831254953019,0.612727768274291,0.528251089405137,0.938775510204083,0.748663101604278,0.421229605156482,0.419574221538646,0.423160886044102,0.176923076923082,0.676364123877196,0.406488805469902,0.356281002815392,0.0456692913385836,0.255655674846627,0.265337423312884,0.403470092024539,0.769230769230769,0.194755480077833,0.258110053144375,0.315239418095928,1,1,0,0,0,0,0,0,0,0,0,0,0,0.538370933764298,0.584318340050269
0.145745056497175,0.0760946327683616,0.496910310734463,0,0.204086177141903,0.441585175336978,0.392831254953019,0.612727768274291,0.938775510204083,0.684491978609626,0.45354407286442,0.421229605156482,0.419574221538646,0.176923076923082,0.622871698619117,0.676364123877196,0.406488805469902,0.0456692913385836,0.305885736196319,0.255655674846627,0.265337423312884,0.769230769230769,0.329838572857589,0.194755480077833,0.258110053144375,1,1,0,0,0,0,0,0,0,0,0,0,0,0.503726803642671,0.579443859882486
0.0134180790960452,0.145745056497175,0.0760946327683616,0.496910310734463,0.204086177141903,0.423098300323245,0.441585175336978,0.392831254953019,0.938775510204083,0.732620320855615,0.471511882550499,0.45354407286442,0.421229605156482,0.176923076923082,0.628100281539081,0.622871698619117,0.676364123877196,0.0456692913385836,0.281729294478528,0.305885736196319,0.255655674846627,0.769230769230769,0.257814464893,0.329838572857589,0.194755480077833,1,1,0,0,0,0,0,0,0,0,0,0,0,0.507153370422589,0.566385487660311
0,0.0134180790960452,0.145745056497175,0.0760946327683616,0.204086177141903,0.502953260438971,0.423098300323245,0.441585175336978,0.938775510204083,0.775401069518717,0.424229987963913,0.471511882550499,0.45354407286442,0.176923076923082,0.419761362112884,0.628100281539081,0.622871698619117,0.0456692913385836,0.351706288343558,0.281729294478528,0.305885736196319,0.769230769230769,0.279651683974959,0.257814464893,0.329838572857589,1,1,0,0,0,0,0,0,0,0,0,0,0,0.38642684778717,0.420396036683523
0,0,0.0134180790960452,0.145745056497175,0.204086177141903,0.536243535369721,0.502953260438971,0.423098300323245,0.938775510204083,0.74331550802139,0.359876949817635,0.424229987963913,0.471511882550499,0.176923076923082,0.278254457702105,0.419761362112884,0.628100281539081,0.0456692913385836,0.416794478527607,0.351706288343558,0.281729294478528,0.769230769230769,0.368393050715595,0.279651683974959,0.257814464893,1,1,0,0,0,0,0,0,0,0,0,0,0,0.325845593692774,0.281349207870808
0.445533192090395,0,0,0.0134180790960452,0.204086177141903,0.530787822254764,0.536243535369721,0.502953260438971,0.938775510204083,0.668449197860963,0.304904418839664,0.359876949817635,0.424229987963913,0.176923076923082,0.377731599410109,0.278254457702105,0.419761362112884,0.0456692913385836,0.338765337423312,0.416794478527607,0.351706288343558,0.769230769230769,0.324865252147196,0.368393050715595,0.279651683974959,1,1,0,0,0,0,0,0,0,0,0,0,0,0.344057464364746,0.398329342544829
0.0489936440677966,0.445533192090395,0,0,0.204086177141903,0.379278846578284,0.530787822254764,0.536243535369721,0.938775510204083,0.46524064171123,0.334666836803355,0.304904418839664,0.359876949817635,0.176923076923082,0.681994905483308,0.377731599410109,0.278254457702105,0.0456692913385836,0.218845858895706,0.338765337423312,0.416794478527607,0.769230769230769,0.205733208168992,0.324865252147196,0.368393050715595,1,1,0,0,0,0,0,0,0,0,0,0,0,0.530096674234978,0.576321188599763
0,0.0489936440677966,0.445533192090395,0,0.204086177141903,0.279130023665534,0.379278846578284,0.530787822254764,0.938775510204083,0.807486631016043,0.364394767608274,0.334666836803355,0.304904418839664,0.176923076923082,0.724896098672745,0.681994905483308,0.377731599410109,0.0456692913385836,0.295245398773005,0.218845858895706,0.338765337423312,0.769230769230769,0.134792435078813,0.205733208168992,0.324865252147196,1,1,0,0,0,0,0,0,0,0,0,0,0,0.662947472779122,0.517571685703141
0,0,0.0489936440677966,0.445533192090395,0.204086177141903,0.540969503418343,0.279130023665534,0.379278846578284,0.938775510204083,0.657754010695187,0.321147870590337,0.364394767608274,0.334666836803355,0.176923076923082,0.366403003083523,0.724896098672745,0.681994905483308,0.0456692913385836,0.409413343558282,0.295245398773005,0.218845858895706,0.769230769230769,0.356957904740969,0.134792435078813,0.205733208168992,1,1,0,0,0,0,0,0,0,0,0,0,0,0.360746103533292,0.394707854123948
0,0,0,0.0489936440677966,0.204086177141903,0.585449202699506,0.540969503418343,0.279130023665534,0.938775510204083,0.72192513368984,0.265485596438187,0.321147870590337,0.364394767608274,0.176923076923082,0.399852527148411,0.366403003083523,0.724896098672745,0.0456692913385836,0.282592024539877,0.409413343558282,0.295245398773005,0.769230769230769,0.289816455073319,0.356957904740969,0.134792435078813,1,1,0,0,0,0,0,0,0,0,0,0,0,0.296563324663928,0.477606396258339
0,0,0,0,0.204086177141903,0.578568749216951,0.585449202699506,0.540969503418343,0.938775510204083,0.79144385026738,0.242551635898371,0.265485596438187,0.321147870590337,0.176923076923082,0.35326451266926,0.399852527148411,0.366403003083523,0.0456692913385836,0.320743865030673,0.282592024539877,0.409413343558282,0.769230769230769,0.356310279500049,0.289816455073319,0.356957904740969,1,1,0,0,0,0,0,0,0,0,0,0,0,0.29631274845293,0.415343838462353
0,0,0,0,0.204086177141903,0.50555949281873,0.578568749216951,0.585449202699506,0.938775510204083,0.79144385026738,0.259760728092803,0.242551635898371,0.265485596438187,0.176923076923082,0.350180989408768,0.35326451266926,0.399852527148411,0.0456692913385836,0.391391871165644,0.320743865030673,0.282592024539877,0.769230769230769,0.292010742431468,0.356310279500049,0.289816455073319,1,1,0,0,0,0,0,0,0,0,0,0,0,0.368264171283191,0.340874847219329
0,0,0,0,0.204086177141903,0.599627106845382,0.50555949281873,0.578568749216951,0.938775510204083,0.679144385026738,0.238344202536194,0.259760728092803,0.242551635898371,0.176923076923082,0.32604906823971,0.350180989408768,0.35326451266926,0.0456692913385836,0.417848926380369,0.391391871165644,0.320743865030673,0.769230769230769,0.367209592231735,0.292010742431468,0.356310279500049,1,1,0,0,0,0,0,0,0,0,0,0,0,0.309113218552844,0.402414683298044
0.0425494350282486,0,0,0,0.204086177141903,0.500381777824273,0.599627106845382,0.50555949281873,0.938775510204083,0.67379679144385,0.280659946269049,0.238344202536194,0.259760728092803,0.176923076923082,0.405081110068373,0.32604906823971,0.350180989408768,0.0456692913385836,0.376725460122699,0.417848926380369,0.391391871165644,0.769230769230769,0.259983717042828,0.367209592231735,0.292010742431468,1,1,0,0,0,0,0,0,0,0,0,0,0,0.391470180161705,0.400894561509495
0,0.0425494350282486,0,0,0.204086177141903,0.438388196951149,0.500381777824273,0.599627106845382,0.938775510204083,0.754010695187166,0.308594544821181,0.280659946269049,0.238344202536194,0.176923076923082,0.449322965544979,0.405081110068373,0.32604906823971,0.0456692913385836,0.396376533742332,0.376725460122699,0.417848926380369,0.769230769230769,0.242099454874088,0.259983717042828,0.367209592231735,1,1,0,0,0,0,0,0,0,0,0,0,0,0.460499044887909,0.391003707272421
0,0,0.0425494350282486,0,0.204086177141903,0.511223704524064,0.438388196951149,0.500381777824273,0.938775510204083,0.823529411764706,0.303214548063039,0.308594544821181,0.280659946269049,0.176923076923082,0.383161281673147,0.449322965544979,0.405081110068373,0.0456692913385836,0.399731595092026,0.396376533742332,0.376725460122699,0.769230769230769,0.275826919159668,0.242099454874088,0.259983717042828,1,1,0,0,0,0,0,0,0,0,0,0,0,0.38350877640603,0.385750377190528
0,0,0,0.0425494350282486,0.204086177141903,0.574989523415428,0.511223704524064,0.438388196951149,0.938775510204083,0.572192513368984,0.270313798656983,0.303214548063039,0.308594544821181,0.176923076923082,0.284488537337446,0.383161281673147,0.449322965544979,0.0456692913385836,0.412097392638036,0.399731595092026,0.396376533742332,0.769230769230769,0.312351511754502,0.275826919159668,0.242099454874088,1,1,0,0,0,0,0,0,0,0,0,0,0,0.303517327024594,0.326556045191969
0,0,0,0,0.204086177141903,0.538641269159093,0.574989523415428,0.511223704524064,0.938775510204083,0.598930481283422,0.247759196863087,0.270313798656983,0.303214548063039,0.176923076923082,0.41681190508111,0.284488537337446,0.383161281673147,0.0456692913385836,0.323715490797548,0.412097392638036,0.399731595092026,0.769230769230769,0.203085664315963,0.312351511754502,0.275826919159668,1,1,0,0,0,0,0,0,0,0,0,0,0,0.350870449253912,0.451787546228563
0,0,0,0,0.204086177141903,0.589514925211926,0.538641269159093,0.574989523415428,0.938775510204083,0.663101604278075,0.237964843790367,0.247759196863087,0.270313798656983,0.176923076923082,0.422442686687224,0.41681190508111,0.284488537337446,0.0456692913385836,0.341641104294479,0.323715490797548,0.412097392638036,0.769230769230769,0.235085436964865,0.203085664315963,0.312351511754502,1,1,0,0,0,0,0,0,0,0,0,0,0,0.329127195132763,0.50791896647881
0.00662076271186441,0,0,0,0.204086177141903,0.597785369297019,0.589514925211926,0.538641269159093,0.938775510204083,0.796791443850267,0.222997416911711,0.237964843790367,0.247759196863087,0.176923076923082,0.351856817267731,0.422442686687224,0.41681190508111,0.0456692913385836,0.406633435582823,0.341641104294479,0.323715490797548,0.769230769230769,0.275357876252043,0.235085436964865,0.203085664315963,1,1,0,0,0,0,0,0,0,0,0,0,0,0.317594314741848,0.432257172468738
0,0.00662076271186441,0,0,0.204086177141903,0.618704727865196,0.597785369297019,0.589514925211926,0.938775510204083,0.866310160427808,0.199408200356487,0.222997416911711,0.237964843790367,0.176923076923082,0.319345756803861,0.351856817267731,0.422442686687224,0.0456692913385836,0.480924079754602,0.406633435582823,0.341641104294479,0.769230769230769,0.337914162142182,0.275357876252043,0.235085436964865,1,1,0,0,0,0,0,0,0,0,0,0,0,0.316161872236993,0.412532597337051
0.0044138418079096,0,0.00662076271186441,0,0.204086177141903,0.73619368354459,0.618704727865196,0.597785369297019,0.938775510204083,0.700534759358289,0.143125157347616,0.199408200356487,0.222997416911711,0.176923076923082,0.187491620860706,0.319345756803861,0.351856817267731,0.0456692913385836,0.455329754601228,0.480924079754602,0.406633435582823,0.769230769230769,0.372651347145543,0.337914162142182,0.275357876252043,1,1,0,0,0,0,0,0,0,0,0,0,0,0.181011767954253,0.352285541820713
0,0.0044138418079096,0,0.00662076271186441,0.204086177141903,0.613040516159861,0.73619368354459,0.618704727865196,0.938775510204083,0.379679144385027,0.134192983242603,0.143125157347616,0.199408200356487,0.176923076923082,0.317938061402332,0.187491620860706,0.319345756803861,0.0456692913385836,0.389953987730062,0.455329754601228,0.480924079754602,0.769230769230769,0.26179168791547,0.372651347145543,0.337914162142182,1,1,0,0,0,0,0,0,0,0,0,0,0,0.28707188097209,0.405310552209502
0,0,0.0044138418079096,0,0.204086177141903,0.391840886648705,0.613040516159861,0.73619368354459,0.938775510204083,0.556149732620321,0.201167045450689,0.134192983242603,0.143125157347616,0.176923076923082,0.537337444697681,0.317938061402332,0.187491620860706,0.0456692913385836,0.294382668711658,0.389953987730062,0.455329754601228,0.769230769230769,0.157326971653809,0.26179168791547,0.372651347145543,1,1,0,0,0,0,0,0,0,0,0,0,0,0.488675496968026,0.441489596612985
0,0,0,0.0044138418079096,0.340867338417859,0.479497169021167,0.391840886648705,0.613040516159861,0.989795918367349,0.631016042780749,0.231205360683858,0.201167045450689,0.134192983242603,0,0.504692318005095,0.537337444697681,0.317938061402332,0.0740157480314958,0.33090490797546,0.294382668711658,0.389953987730062,0.692307692307692,0.194833296705004,0.157326971653809,0.26179168791547,0.887552690304984,0,1,0,0,0,0,0,0,0,0,0,0,0.432786073010595,0.492621480892207
0,0,0,0,0.340867338417859,0.605221819020594,0.479497169021167,0.391840886648705,0.989795918367349,0.764705882352941,0.277797512096357,0.231205360683858,0.201167045450689,0,0.423314117173884,0.504692318005095,0.537337444697681,0.0740157480314958,0.287001533742333,0.33090490797546,0.294382668711658,0.692307692307692,0.219672039291494,0.194833296705004,0.157326971653809,0.887552690304984,0,1,0,0,0,0,0,0,0,0,0,0,0.296894187850523,0.524250294968367
0.107521186440678,0,0,0,0.340867338417859,0.67517309609324,0.605221819020594,0.479497169021167,0.989795918367349,0.459893048128342,0.28941968458034,0.277797512096357,0.231205360683858,0,0.348169995978014,0.423314117173884,0.504692318005095,0.0740157480314958,0.390720858895706,0.287001533742333,0.33090490797546,0.692307692307692,0.278712988738453,0.219672039291494,0.194833296705004,0.887552690304984,0,1,0,0,0,0,0,0,0,0,0,0,0.262219086337672,0.502730342960382
0,0.107521186440678,0,0,0.340867338417859,0.42615627964883,0.67517309609324,0.605221819020594,0.989795918367349,0.46524064171123,0.359566565389368,0.28941968458034,0.277797512096357,0,0.635809089690306,0.348169995978014,0.423314117173884,0.0740157480314958,0.277511503067484,0.390720858895706,0.287001533742333,0.692307692307692,0.142184952696371,0.278712988738453,0.219672039291494,0.887552690304984,0,1,0,0,0,0,0,0,0,0,0,0,0.506823768655697,0.577192511731236
0,0,0.107521186440678,0,0.340867338417859,0.393699999079598,0.42615627964883,0.67517309609324,0.989795918367349,0.79144385026738,0.402744488089837,0.359566565389368,0.28941968458034,0,0.595455154846493,0.635809089690306,0.348169995978014,0.0740157480314958,0.291986196319019,0.277511503067484,0.390720858895706,0.692307692307692,0.162959619359088,0.142184952696371,0.278712988738453,0.887552690304984,0,1,0,0,0,0,0,0,0,0,0,0,0.515551922562918,0.503997086648962
0.0067090395480226,0,0,0.107521186440678,0.340867338417859,0.587638437898501,0.393699999079598,0.42615627964883,0.989795918367349,0.79144385026738,0.378637964154055,0.402744488089837,0.359566565389368,0,0.344684274031372,0.595455154846493,0.635809089690306,0.0740157480314958,0.360046012269937,0.291986196319019,0.277511503067484,0.692307692307692,0.342423396362048,0.162959619359088,0.142184952696371,0.887552690304984,0,1,0,0,0,0,0,0,0,0,0,0,0.302942305470502,0.41370008610267
0,0.0067090395480226,0,0,0.340867338417859,0.630172150336118,0.587638437898501,0.393699999079598,0.989795918367349,0.668449197860963,0.343426575114755,0.378637964154055,0.402744488089837,0,0.354404075613353,0.344684274031372,0.595455154846493,0.0740157480314958,0.312116564417177,0.360046012269937,0.291986196319019,0.692307692307692,0.37808796622552,0.342423396362048,0.162959619359088,0.887552690304984,0,1,0,0,0,0,0,0,0,0,0,0,0.262262293975208,0.466736421243787
0.120762711864407,0,0.0067090395480226,0,0.340867338417859,0.528216339640066,0.630172150336118,0.587638437898501,0.989795918367349,0.417112299465241,0.368326303700777,0.343426575114755,0.378637964154055,0,0.343879876659069,0.354404075613353,0.344684274031372,0.0740157480314958,0.325728527607362,0.312116564417177,0.360046012269937,0.692307692307692,0.29702855455734,0.37808796622552,0.342423396362048,0.887552690304984,0,1,0,0,0,0,0,0,0,0,0,0,0.324385007172462,0.355187838474113
0.00882768361581921,0.120762711864407,0,0.0067090395480226,0.340867338417859,0.337613878267257,0.528216339640066,0.630172150336118,0.989795918367349,0.518716577540107,0.407917561895773,0.368326303700777,0.343426575114755,0,0.59652768467623,0.343879876659069,0.354404075613353,0.0740157480314958,0.207246932515338,0.325728527607362,0.312116564417177,0.692307692307692,0.101739193638902,0.29702855455734,0.37808796622552,0.887552690304984,0,1,0,0,0,0,0,0,0,0,0,0,0.506547409963116,0.449554906009574
0,0.00882768361581921,0.120762711864407,0,0.340867338417859,0.337057882026238,0.337613878267257,0.528216339640066,0.989795918367349,0.705882352941176,0.373430403189432,0.407917561895773,0.368326303700777,0,0.618447513071458,0.59652768467623,0.343879876659069,0.0740157480314958,0.271951687116565,0.207246932515338,0.325728527607362,0.692307692307692,0.13583915243647,0.101739193638902,0.29702855455734,0.887552690304984,0,1,0,0,0,0,0,0,0,0,0,0,0.554769533449909,0.471250925803871
0.114406779661017,0,0.00882768361581921,0.120762711864407,0.340867338417859,0.515289427036483,0.337057882026238,0.337613878267257,0.989795918367349,0.689839572192513,0.324493124984807,0.373430403189432,0.407917561895773,0,0.410376726102695,0.618447513071458,0.59652768467623,0.0740157480314958,0.35276073619632,0.271951687116565,0.207246932515338,0.692307692307692,0.257388116541079,0.13583915243647,0.101739193638902,0.887552690304984,0,1,0,0,0,0,0,0,0,0,0,0,0.374716486475004,0.421568767463855
0.0246292372881356,0.114406779661017,0,0.00882768361581921,0.340867338417859,0.458577810452991,0.515289427036483,0.337057882026238,0.989795918367349,0.540106951871658,0.290040453437162,0.324493124984807,0.373430403189432,0,0.518031907762435,0.410376726102695,0.618447513071458,0.0740157480314958,0.383052147239264,0.35276073619632,0.271951687116565,0.692307692307692,0.203418279651105,0.257388116541079,0.13583915243647,0.887552690304984,0,1,0,0,0,0,0,0,0,0,0,0,0.475197270922917,0.486527811479241
0.0201271186440678,0.0246292372881356,0.114406779661017,0,0.340867338417859,0.40864239805687,0.458577810452991,0.515289427036483,0.989795918367349,0.770053475935829,0.275486872463012,0.290040453437162,0.324493124984807,0,0.527349510658266,0.518031907762435,0.410376726102695,0.0740157480314958,0.398485429447854,0.383052147239264,0.35276073619632,0.692307692307692,0.145580126134645,0.203418279651105,0.257388116541079,0.887552690304984,0,1,0,0,0,0,0,0,0,0,0,0,0.519636563215747,0.447395244069337
0.0022069209039548,0.0201271186440678,0.0246292372881356,0.114406779661017,0.340867338417859,0.56074211973942,0.40864239805687,0.458577810452991,0.989795918367349,0.764705882352941,0.296765449384882,0.275486872463012,0.290040453437162,0,0.42753720337847,0.527349510658266,0.518031907762435,0.0740157480314958,0.432227760736197,0.398485429447854,0.383052147239264,0.692307692307692,0.321841784765279,0.145580126134645,0.203418279651105,0.887552690304984,0,1,0,0,0,0,0,0,0,0,0,0,0.384545497357726,0.485729889009116
0,0.0022069209039548,0.0201271186440678,0.0246292372881356,0.340867338417859,0.574398777409348,0.56074211973942,0.40864239805687,0.989795918367349,0.812834224598931,0.312353645120165,0.296765449384882,0.275486872463012,0,0.397506368145864,0.42753720337847,0.527349510658266,0.0740157480314958,0.317963957055215,0.432227760736197,0.398485429447854,0.692307692307692,0.321929147752435,0.321841784765279,0.145580126134645,0.887552690304984,0,1,0,0,0,0,0,0,0,0,0,0,0.317563599589011,0.464093685319827
0,0,0.0022069209039548,0.0201271186440678,0.340867338417859,0.611615775792263,0.574398777409348,0.56074211973942,0.989795918367349,0.759358288770054,0.295213527242996,0.312353645120165,0.296765449384882,0,0.335366671135541,0.397506368145864,0.42753720337847,0.0740157480314958,0.371453220858896,0.317963957055215,0.432227760736197,0.692307692307692,0.350893891922142,0.321929147752435,0.321841784765279,0.887552690304984,0,1,0,0,0,0,0,0,0,0,0,0,0.288625838469136,0.425495686216316
0,0,0,0.0022069209039548,0.340867338417859,0.571931544089843,0.611615775792263,0.574398777409348,0.989795918367349,0.796791443850267,0.352255287743513,0.295213527242996,0.312353645120165,0,0.3808151226706,0.335366671135541,0.397506368145864,0.0740157480314958,0.374328987730062,0.371453220858896,0.317963957055215,0.692307692307692,0.227039388074227,0.350893891922142,0.321929147752435,0.887552690304984,0,1,0,0,0,0,0,0,0,0,0,0,0.334424920909544,0.441963245646251
0,0,0,0,0.340867338417859,0.731085468080275,0.571931544089843,0.611615775792263,0.989795918367349,0.807486631016043,0.316561078482435,0.352255287743513,0.295213527242996,0,0.283483040622067,0.3808151226706,0.335366671135541,0.0740157480314958,0.352473159509202,0.374328987730062,0.371453220858896,0.692307692307692,0.355016173906671,0.227039388074227,0.350893891922142,0.887552690304984,0,1,0,0,0,0,0,0,0,0,0,0,0.188120545697735,0.475491526569316
0.0398128531073446,0,0,0,0.340867338417859,0.702729659788523,0.731085468080275,0.571931544089843,0.989795918367349,0.561497326203209,0.261278163075909,0.316561078482435,0.352255287743513,0,0.347231532376995,0.283483040622067,0.3808151226706,0.0740157480314958,0.333013803680982,0.352473159509202,0.374328987730062,0.692307692307692,0.315282414662396,0.355016173906671,0.227039388074227,0.887552690304984,0,1,0,0,0,0,0,0,0,0,0,0,0.223858154316557,0.528268828004583
0,0.0398128531073446,0,0,0.340867338417859,0.55636364934143,0.702729659788523,0.731085468080275,0.989795918367349,0.807486631016043,0.27090008035511,0.261278163075909,0.316561078482435,0,0.547392411851454,0.347231532376995,0.283483040622067,0.0740157480314958,0.263420245398774,0.333013803680982,0.352473159509202,0.692307692307692,0.207771271419042,0.315282414662396,0.355016173906671,0.887552690304984,0,1,0,0,0,0,0,0,0,0,0,0,0.372490763706296,0.614398384122185
0,0,0.0398128531073446,0,0.340867338417859,0.642369317873376,0.55636364934143,0.702729659788523,0.989795918367349,0.641711229946524,0.249793939226759,0.27090008035511,0.261278163075909,0,0.346024936318542,0.547392411851454,0.347231532376995,0.0740157480314958,0.378930214723925,0.263420245398774,0.333013803680982,0.692307692307692,0.319383208126933,0.207771271419042,0.315282414662396,0.887552690304984,0,1,0,0,0,0,0,0,0,0,0,0,0.277246071431279,0.468334499833717
0,0,0,0.0398128531073446,0.340867338417859,0.580410486765314,0.642369317873376,0.55636364934143,0.989795918367349,0.491978609625668,0.235585229839656,0.249793939226759,0.27090008035511,0,0.425861375519506,0.346024936318542,0.547392411851454,0.0740157480314958,0.332055214723927,0.378930214723925,0.263420245398774,0.692307692307692,0.213732323766464,0.319383208126933,0.207771271419042,0.887552690304984,0,1,0,0,0,0,0,0,0,0,0,0,0.33245303923074,0.50299016218453
0,0,0,0,0.340867338417859,0.497254298968566,0.580410486765314,0.642369317873376,0.989795918367349,0.764705882352941,0.235757665633175,0.235585229839656,0.249793939226759,0,0.488001072529829,0.425861375519506,0.346024936318542,0.0740157480314958,0.273389570552147,0.332055214723927,0.378930214723925,0.692307692307692,0.147461973340331,0.213732323766464,0.319383208126933,0.887552690304984,0,1,0,0,0,0,0,0,0,0,0,0,0.387163048088027,0.491751692232092
0,0,0,0,0.340867338417859,0.592538154772449,0.497254298968566,0.580410486765314,0.989795918367349,0.834224598930481,0.283384431806799,0.235757665633175,0.235585229839656,0,0.416476739509318,0.488001072529829,0.425861375519506,0.0740157480314958,0.31633435582822,0.273389570552147,0.332055214723927,0.692307692307692,0.306788324258507,0.147461973340331,0.213732323766464,0.887552690304984,0,1,0,0,0,0,0,0,0,0,0,0,0.314191779834507,0.503943729816508
0,0,0,0,0.340867338417859,0.719096799133394,0.592538154772449,0.497254298968566,0.989795918367349,0.663101604278075,0.32000979435305,0.283384431806799,0.235757665633175,0,0.246212629038746,0.416476739509318,0.488001072529829,0.0740157480314958,0.438362730061349,0.31633435582822,0.273389570552147,0.692307692307692,0.369556257394632,0.306788324258507,0.147461973340331,0.887552690304984,0,1,0,0,0,0,0,0,0,0,0,0,0.209487310735722,0.415363108585005
0.0672669491525424,0,0,0,0.340867338417859,0.633612377077396,0.719096799133394,0.592538154772449,0.989795918367349,0.550802139037433,0.349427340729813,0.32000979435305,0.283384431806799,0,0.355074406756939,0.246212629038746,0.416476739509318,0.0740157480314958,0.359470858895705,0.438362730061349,0.31633435582822,0.692307692307692,0.250234881203324,0.369556257394632,0.306788324258507,0.887552690304984,0,1,0,0,0,0,0,0,0,0,0,0,0.279210257027478,0.470885360158642
0.0044138418079096,0.0672669491525424,0,0,0.340867338417859,0.453191596868166,0.633612377077396,0.719096799133394,0.989795918367349,0.518716577540107,0.301007369905746,0.349427340729813,0.32000979435305,0,0.492693390534925,0.355074406756939,0.246212629038746,0.0740157480314958,0.393117331288343,0.359470858895705,0.438362730061349,0.692307692307692,0.144859429846144,0.250234881203324,0.369556257394632,0.887552690304984,0,1,0,0,0,0,0,0,0,0,0,0,0.47062750320322,0.453667178177715
0.00176553672316384,0.0044138418079096,0.0672669491525424,0,0.340867338417859,0.465493013700608,0.453191596868166,0.633612377077396,0.989795918367349,0.518716577540107,0.290316350706835,0.301007369905746,0.349427340729813,0,0.506100013406622,0.492693390534925,0.355074406756939,0.0740157480314958,0.320743865030673,0.393117331288343,0.359470858895705,0.692307692307692,0.171626367718537,0.144859429846144,0.250234881203324,0.887552690304984,0,1,0,0,0,0,0,0,0,0,0,0,0.438006831911962,0.480392716896083
0,0.00176553672316384,0.0044138418079096,0.0672669491525424,0.583699827423036,0.463998773802886,0.465493013700608,0.453191596868166,0.836734693877551,0.497326203208556,0.281487638077968,0.290316350706835,0.301007369905746,0.153846153846181,0.541694597130982,0.506100013406622,0.492693390534925,0.40472440944882,0.300996932515338,0.320743865030673,0.393117331288343,0.384615384615385,0.186201686430557,0.171626367718537,0.144859429846144,0.604388792462187,0,0,1,0,0,0,0,0,0,0,0,0,0.447108134549539,0.517243012547737
0,0,0.00176553672316384,0.0044138418079096,0.583699827423036,0.44599839550004,0.463998773802886,0.465493013700608,0.836734693877551,0.748663101604278,0.39984756675856,0.281487638077968,0.290316350706835,0.153846153846181,0.620324440273495,0.541694597130982,0.506100013406622,0.40472440944882,0.27463573619632,0.300996932515338,0.320743865030673,0.384615384615385,0.14961340463648,0.186201686430557,0.171626367718537,0.604388792462187,0,0,1,0,0,0,0,0,0,0,0,0,0.484514599843305,0.581236880051318
0,0,0,0.00176553672316384,0.583699827423036,0.596152130339043,0.44599839550004,0.463998773802886,0.836734693877551,0.828877005347594,0.369291944144629,0.39984756675856,0.281487638077968,0.153846153846181,0.426531706663091,0.620324440273495,0.541694597130982,0.40472440944882,0.369344325153374,0.27463573619632,0.300996932515338,0.384615384615385,0.294353079597583,0.14961340463648,0.186201686430557,0.604388792462187,0,0,1,0,0,0,0,0,0,0,0,0,0.337688582446614,0.519124907543364
0,0,0,0,0.583699827423036,0.711764598705013,0.596152130339043,0.44599839550004,0.836734693877551,0.72192513368984,0.328286712442572,0.369291944144629,0.39984756675856,0.153846153846181,0.352661214640033,0.426531706663091,0.620324440273495,0.40472440944882,0.339244631901839,0.369344325153374,0.27463573619632,0.384615384615385,0.33240057299697,0.294353079597583,0.14961340463648,0.604388792462187,0,0,1,0,0,0,0,0,0,0,0,0,0.222965181130609,0.543680489044666
0.0269244350282486,0,0,0,0.583699827423036,0.642577816463763,0.711764598705013,0.596152130339043,0.836734693877551,0.786096256684492,0.388639240178888,0.328286712442572,0.369291944144629,0.153846153846181,0.382692049872637,0.352661214640033,0.426531706663091,0.40472440944882,0.30396855828221,0.339244631901839,0.369344325153374,0.384615384615385,0.238574065459766,0.33240057299697,0.294353079597583,0.604388792462187,0,0,1,0,0,0,0,0,0,0,0,0,0.263653571445438,0.512847704905912
0.118732344632768,0.0269244350282486,0,0,0.583699827423036,0.507644478722531,0.642577816463763,0.711764598705013,0.836734693877551,0.53475935828877,0.387639112576451,0.388639240178888,0.328286712442572,0.153846153846181,0.415337176565223,0.382692049872637,0.352661214640033,0.40472440944882,0.345379601226995,0.30396855828221,0.339244631901839,0.384615384615385,0.241038221205751,0.238574065459766,0.33240057299697,0.604388792462187,0,0,1,0,0,0,0,0,0,0,0,0,0.378732483792799,0.419863689020093
0.0022069209039548,0.118732344632768,0.0269244350282486,0,0.583699827423036,0.402491689640639,0.507644478722531,0.642577816463763,0.836734693877551,0.705882352941176,0.337046450754065,0.387639112576451,0.388639240178888,0.153846153846181,0.528287974259284,0.415337176565223,0.382692049872637,0.40472440944882,0.428489263803683,0.345379601226995,0.30396855828221,0.384615384615385,0.183497905936642,0.241038221205751,0.238574065459766,0.604388792462187,0,0,1,0,0,0,0,0,0,0,0,0,0.536612540435092,0.442342315259456
0,0.0022069209039548,0.118732344632768,0.0269244350282486,0.583699827423036,0.485682627202449,0.402491689640639,0.507644478722531,0.836734693877551,0.754010695187166,0.306111469394316,0.337046450754065,0.387639112576451,0.153846153846181,0.388054699021317,0.528287974259284,0.415337176565223,0.40472440944882,0.454850460122701,0.428489263803683,0.345379601226995,0.384615384615385,0.21742180373597,0.183497905936642,0.241038221205751,0.604388792462187,0,0,1,0,0,0,0,0,0,0,0,0,0.423208292045493,0.366686872194531
0,0,0.0022069209039548,0.118732344632768,0.583699827423036,0.643550809885537,0.485682627202449,0.402491689640639,0.836734693877551,0.598930481283422,0.275797256891465,0.306111469394316,0.337046450754065,0.153846153846181,0.324440273495107,0.388054699021317,0.528287974259284,0.40472440944882,0.377971625766871,0.454850460122701,0.428489263803683,0.384615384615385,0.276472278459656,0.21742180373597,0.183497905936642,0.604388792462187,0,0,1,0,0,0,0,0,0,0,0,0,0.266889942115127,0.442868591178288
0.0178319209039548,0,0,0.0022069209039548,0.583699827423036,0.561576114100949,0.643550809885537,0.485682627202449,0.836734693877551,0.79144385026738,0.340598628100742,0.275797256891465,0.306111469394316,0.153846153846181,0.365732671939939,0.324440273495107,0.388054699021317,0.40472440944882,0.370111196319019,0.377971625766871,0.454850460122701,0.384615384615385,0.177146541429257,0.276472278459656,0.21742180373597,0.604388792462187,0,0,1,0,0,0,0,0,0,0,0,0,0.332375351951429,0.413898386160107
0.179025423728814,0.0178319209039548,0,0,0.583699827423036,0.475813693924441,0.561576114100949,0.643550809885537,0.836734693877551,0.770053475935829,0.365912202591379,0.340598628100742,0.275797256891465,0.153846153846181,0.387317334763372,0.365732671939939,0.324440273495107,0.40472440944882,0.504984662576688,0.370111196319019,0.377971625766871,0.384615384615385,0.265033248785462,0.177146541429257,0.276472278459656,0.604388792462187,0,0,1,0,0,0,0,0,0,0,0,0,0.447578903028701,0.356225339244856
0.00882768361581921,0.179025423728814,0.0178319209039548,0,0.583699827423036,0.55577290333536,0.475813693924441,0.561576114100949,0.836734693877551,0.497326203208556,0.327596969268486,0.365912202591379,0.340598628100742,0.153846153846181,0.391406354739241,0.387317334763372,0.365732671939939,0.40472440944882,0.447277607361964,0.504984662576688,0.370111196319019,0.384615384615385,0.265352819604369,0.265033248785462,0.177146541429257,0.604388792462187,0,0,1,0,0,0,0,0,0,0,0,0,0.376792020979118,0.438791418942616
0.00662076271186441,0.00882768361581921,0.179025423728814,0.0178319209039548,0.583699827423036,0.44599839550004,0.55577290333536,0.475813693924441,0.836734693877551,0.748663101604278,0.399916541076027,0.327596969268486,0.365912202591379,0.153846153846181,0.623206864190909,0.391406354739241,0.387317334763372,0.40472440944882,0.27463573619632,0.447277607361964,0.504984662576688,0.384615384615385,0.14961340463648,0.265352819604369,0.265033248785462,0.604388792462187,0,0,1,0,0,0,0,0,0,0,0,0,0.485921323178858,0.584163772804156
0.116437146892655,0.00662076271186441,0.00882768361581921,0.179025423728814,0.583699827423036,0.596152130339043,0.44599839550004,0.55577290333536,0.836734693877551,0.74331550802139,0.369291944144629,0.399916541076027,0.327596969268486,0.153846153846181,0.426531706663091,0.623206864190909,0.391406354739241,0.40472440944882,0.369344325153374,0.27463573619632,0.447277607361964,0.384615384615385,0.294353079597583,0.14961340463648,0.265352819604369,0.604388792462187,0,0,1,0,0,0,0,0,0,0,0,0,0.337688582446614,0.519124907543364
0.0557026836158192,0.116437146892655,0.00662076271186441,0.00882768361581921,0.583699827423036,0.464068273333009,0.596152130339043,0.44599839550004,0.836734693877551,0.433155080213904,0.366877843035138,0.369291944144629,0.399916541076027,0.153846153846181,0.575412253653305,0.426531706663091,0.623206864190909,0.40472440944882,0.288151840490798,0.369344325153374,0.27463573619632,0.384615384615385,0.19858353811899,0.294353079597583,0.14961340463648,0.604388792462187,0,0,1,0,0,0,0,0,0,0,0,0,0.4572937445099,0.552869483683463
0.00176553672316384,0.0557026836158192,0.116437146892655,0.00662076271186441,0.583699827423036,0.380564587885628,0.464068273333009,0.596152130339043,0.836734693877551,0.625668449197861,0.341633242862069,0.366877843035138,0.369291944144629,0.153846153846181,0.639093712293873,0.575412253653305,0.426531706663091,0.40472440944882,0.297833588957057,0.288151840490798,0.369344325153374,0.384615384615385,0.144247400319424,0.19858353811899,0.294353079597583,0.604388792462187,0,0,1,0,0,0,0,0,0,0,0,0,0.549311502871233,0.535187986543962
0.0317796610169492,0.00176553672316384,0.0557026836158192,0.116437146892655,0.583699827423036,0.434530973029107,0.380564587885628,0.464068273333009,0.836734693877551,0.497326203208556,0.325010432365577,0.341633242862069,0.366877843035138,0.153846153846181,0.57159136613487,0.639093712293873,0.575412253653305,0.40472440944882,0.361100460122699,0.297833588957057,0.288151840490798,0.384615384615385,0.191573652909954,0.144247400319424,0.19858353811899,0.604388792462187,0,0,1,0,0,0,0,0,0,0,0,0,0.508180831744607,0.519684237331042
0,0.0317796610169492,0.00176553672316384,0.0557026836158192,0.583699827423036,0.44599839550004,0.434530973029107,0.380564587885628,0.836734693877551,0.748663101604278,0.399882053917238,0.325010432365577,0.341633242862069,0.153846153846181,0.548599007909907,0.57159136613487,0.639093712293873,0.40472440944882,0.27463573619632,0.361100460122699,0.297833588957057,0.384615384615385,0.14961340463648,0.191573652909954,0.144247400319424,0.604388792462187,0,0,1,0,0,0,0,0,0,0,0,0,0.44951008893535,0.50682674345165
0.0642655367231638,0,0.0317796610169492,0.00176553672316384,0.583699827423036,0.576240514957711,0.44599839550004,0.434530973029107,0.836734693877551,0.368983957219251,0.327596969268384,0.399882053917238,0.325010432365577,0.153846153846181,0.411583322161148,0.548599007909907,0.57159136613487,0.40472440944882,0.401936349693252,0.27463573619632,0.361100460122699,0.384615384615385,0.296830428595847,0.14961340463648,0.191573652909954,0.604388792462187,0,0,1,0,0,0,0,0,0,0,0,0,0.35611456824373,0.482362851924859
0,0.0642655367231638,0,0.0317796610169492,0.583699827423036,0.293724924992164,0.576240514957711,0.44599839550004,0.836734693877551,0.529411764705882,0.261554060345582,0.327596969268384,0.399882053917238,0.153846153846181,0.736291728113687,0.411583322161148,0.548599007909907,0.40472440944882,0.227185582822087,0.401936349693252,0.27463573619632,0.384615384615385,0.0920085434035833,0.296830428595847,0.14961340463648,0.604388792462187,0,0,1,0,0,0,0,0,0,0,0,0,0.621118969103702,0.542946437421866
0.0444032485875706,0,0.0642655367231638,0,0.583699827423036,0.439222191312668,0.293724924992164,0.576240514957711,0.836734693877551,0.390374331550802,0.303559419650078,0.261554060345582,0.327596969268384,0.153846153846181,0.517026411047056,0.736291728113687,0.411583322161148,0.40472440944882,0.305885736196319,0.227185582822087,0.401936349693252,0.384615384615385,0.175272432026196,0.0920085434035833,0.296830428595847,0.604388792462187,0,0,1,0,0,0,0,0,0,0,0,0,0.453457860304392,0.46640126859788
0.0022069209039548,0.0444032485875706,0,0.0642655367231638,0.583699827423036,0.26995608568879,0.439222191312668,0.293724924992164,0.836734693877551,0.636363636363636,0.363670537275399,0.303559419650078,0.261554060345582,0.153846153846181,0.762300576484784,0.517026411047056,0.736291728113687,0.40472440944882,0.193155674846626,0.305885736196319,0.227185582822087,0.384615384615385,0.0995133751998234,0.175272432026196,0.0920085434035833,0.604388792462187,0,0,1,0,0,0,0,0,0,0,0,0,0.630249653964534,0.543454874990298
0.011034604519774,0.0022069209039548,0.0444032485875706,0,0.583699827423036,0.45767431656134,0.26995608568879,0.439222191312668,0.836734693877551,0.657754010695187,0.344944010097852,0.363670537275399,0.303559419650078,0.153846153846181,0.540689100415605,0.762300576484784,0.517026411047056,0.40472440944882,0.369440184049079,0.193155674846626,0.305885736196319,0.384615384615385,0.207697985510208,0.0995133751998234,0.175272432026196,0.604388792462187,0,0,1,0,0,0,0,0,0,0,0,0,0.48108872190662,0.509937649603399
0.00662076271186441,0.011034604519774,0.0022069209039548,0.0444032485875706,0.583699827423036,0.429110009679221,0.45767431656134,0.26995608568879,0.836734693877551,0.716577540106952,0.319147615385352,0.344944010097852,0.363670537275399,0.153846153846181,0.536264914867944,0.540689100415605,0.762300576484784,0.40472440944882,0.376629601226994,0.369440184049079,0.193155674846626,0.384615384615385,0.18057294476226,0.207697985510208,0.0995133751998234,0.604388792462187,0,0,1,0,0,0,0,0,0,0,0,0,0.501101335380877,0.47707320358821
0.0154484463276836,0.00662076271186441,0.011034604519774,0.0022069209039548,0.583699827423036,0.508964969794937,0.429110009679221,0.45767431656134,0.836734693877551,0.802139037433155,0.271451874894355,0.319147615385352,0.344944010097852,0.153846153846181,0.484247218125755,0.536264914867944,0.540689100415605,0.40472440944882,0.318347392638037,0.376629601226994,0.369440184049079,0.384615384615385,0.198380797422369,0.18057294476226,0.207697985510208,0.604388792462187,0,0,1,0,0,0,0,0,0,0,0,0,0.398597919791685,0.499092812180598
0.298110875706215,0.0154484463276836,0.00662076271186441,0.011034604519774,0.583699827423036,0.558761383130812,0.508964969794937,0.429110009679221,0.836734693877551,0.72192513368984,0.240689329328218,0.271451874894355,0.319147615385352,0.153846153846181,0.49959780131385,0.484247218125755,0.536264914867944,0.40472440944882,0.364743098159511,0.318347392638037,0.376629601226994,0.384615384615385,0.265628511560884,0.198380797422369,0.18057294476226,0.604388792462187,0,0,1,0,0,0,0,0,0,0,0,0,0.392860804202625,0.564913230505738
0.228107344632768,0.298110875706215,0.0154484463276836,0.00662076271186441,0.583699827423036,0.492980077865769,0.558761383130812,0.508964969794937,0.836734693877551,0.727272727272727,0.203063839179529,0.240689329328218,0.271451874894355,0.153846153846181,0.609263976404343,0.49959780131385,0.484247218125755,0.40472440944882,0.452933282208589,0.364743098159511,0.318347392638037,0.384615384615385,0.183823153987715,0.265628511560884,0.198380797422369,0.604388792462187,0,0,1,0,0,0,0,0,0,0,0,0,0.522676965702578,0.616536294905644
0.0981638418079096,0.228107344632768,0.298110875706215,0.0154484463276836,0.583699827423036,0.384873558753496,0.492980077865769,0.558761383130812,0.836734693877551,0.74331550802139,0.206167683463004,0.203063839179529,0.240689329328218,0.153846153846181,0.641305805067702,0.609263976404343,0.49959780131385,0.40472440944882,0.428776840490798,0.452933282208589,0.364743098159511,0.384615384615385,0.321863093480675,0.183823153987715,0.265628511560884,0.604388792462187,0,0,1,0,0,0,0,0,0,0,0,0,0.605913053378215,0.541682346802188
0.0044138418079096,0.0981638418079096,0.228107344632768,0.298110875706215,0.583699827423036,0.404785174134828,0.384873558753496,0.492980077865769,0.836734693877551,0.684491978609626,0.250794066829196,0.206167683463004,0.203063839179529,0.153846153846181,0.581579300174285,0.641305805067702,0.609263976404343,0.40472440944882,0.453029141104294,0.428776840490798,0.452933282208589,0.384615384615385,0.390629613227044,0.321863093480675,0.183823153987715,0.604388792462187,0,0,1,0,0,0,0,0,0,0,0,0,0.571491393966275,0.500661000036699
0,0.0044138418079096,0.0981638418079096,0.228107344632768,0.583699827423036,0.452218603446383,0.404785174134828,0.384873558753496,0.836734693877551,0.903743315508021,0.322665305573443,0.250794066829196,0.206167683463004,0.153846153846181,0.528153908030566,0.581579300174285,0.641305805067702,0.40472440944882,0.362346625766871,0.453029141104294,0.428776840490798,0.384615384615385,0.283075099592217,0.390629613227044,0.321863093480675,0.604388792462187,0,0,1,0,0,0,0,0,0,0,0,0,0.475629869169515,0.491163074873295
0.0022069209039548,0,0.0044138418079096,0.0981638418079096,0.583699827423036,0.691470735907978,0.452218603446383,0.404785174134828,0.836734693877551,0.657754010695187,0.23327459020631,0.322665305573443,0.250794066829196,0.153846153846181,0.3042633060732,0.528153908030566,0.581579300174285,0.40472440944882,0.41631518404908,0.362346625766871,0.453029141104294,0.384615384615385,0.387924847904934,0.283075099592217,0.390629613227044,0.604388792462187,0,0,1,0,0,0,0,0,0,0,0,0,0.242759262920833,0.463841469196919
0.0446680790960452,0.0022069209039548,0,0.0044138418079096,0.752936591883316,0.671524370761585,0.691470735907978,0.452218603446383,0.530612244897962,0.518716577540107,0.173715267120344,0.23327459020631,0.322665305573443,0.361538461538464,0.413058050677035,0.3042633060732,0.528153908030566,0.776377952755906,0.403949386503066,0.41631518404908,0.362346625766871,0.769230769230769,0.226347589522966,0.387924847904934,0.283075099592217,0.183982147284899,0,0,0,1,0,0,0,0,0,0,0,0,0.296504002108461,0.576943294814115
0.0692090395480226,0.0446680790960452,0.0022069209039548,0,0.752936591883316,0.528529087525637,0.671524370761585,0.691470735907978,0.530612244897962,0.39572192513369,0.208616271731283,0.173715267120344,0.23327459020631,0.361538461538464,0.562273763239039,0.413058050677035,0.3042633060732,0.776377952755906,0.360812883435582,0.403949386503066,0.41631518404908,0.769230769230769,0.144054734522223,0.226347589522966,0.387924847904934,0.183982147284899,0,0,0,1,0,0,0,0,0,0,0,0,0.440158472744215,0.602753115170376
0.0692973163841808,0.0692090395480226,0.0446680790960452,0.0022069209039548,0.752936591883316,0.360722472034419,0.528529087525637,0.671524370761585,0.530612244897962,0.72192513368984,0.2737625145277,0.208616271731283,0.173715267120344,0.361538461538464,0.71484113151897,0.562273763239039,0.413058050677035,0.776377952755906,0.250287576687118,0.360812883435582,0.403949386503066,0.769230769230769,0.120801033591731,0.144054734522223,0.226347589522966,0.183982147284899,0,0,0,1,0,0,0,0,0,0,0,0,0.576976280717975,0.589580943706202
0.011034604519774,0.0692973163841808,0.0692090395480226,0.0446680790960452,0.752936591883316,0.494057320582736,0.360722472034419,0.528529087525637,0.530612244897962,0.641711229946524,0.332632094439589,0.2737625145277,0.208616271731283,0.361538461538464,0.55872100817804,0.71484113151897,0.562273763239039,0.776377952755906,0.314225460122701,0.250287576687118,0.360812883435582,0.769230769230769,0.235160090427331,0.120801033591731,0.144054734522223,0.183982147284899,0,0,0,1,0,0,0,0,0,0,0,0,0.441579258313374,0.564960889082369
0.0154484463276836,0.011034604519774,0.0692973163841808,0.0692090395480226,0.752936591883316,0.600252602616524,0.494057320582736,0.360722472034419,0.530612244897962,0.614973262032086,0.369119508351008,0.332632094439589,0.2737625145277,0.361538461538464,0.456897707467489,0.55872100817804,0.71484113151897,0.776377952755906,0.333684815950922,0.314225460122701,0.250287576687118,0.769230769230769,0.249342256339598,0.235160090427331,0.120801033591731,0.183982147284899,0,0,0,1,0,0,0,0,0,0,0,0,0.334432515113619,0.557891040313424
0.0895127118644068,0.0154484463276836,0.011034604519774,0.0692973163841808,0.752936591883316,0.439778187553687,0.600252602616524,0.494057320582736,0.530612244897962,0.839572192513369,0.322147998192775,0.369119508351008,0.332632094439589,0.361538461538464,0.547526478080172,0.456897707467489,0.55872100817804,0.776377952755906,0.381614263803679,0.333684815950922,0.314225460122701,0.769230769230769,0.145105002639325,0.249342256339598,0.235160090427331,0.183982147284899,0,0,0,1,0,0,0,0,0,0,0,0,0.501568495379844,0.499555424952312
0.154131355932203,0.0895127118644068,0.0154484463276836,0.011034604519774,0.752936591883316,0.456458074784128,0.439778187553687,0.600252602616524,0.530612244897962,0.331550802139037,0.254484192810815,0.322147998192775,0.369119508351008,0.361538461538464,0.529494570317737,0.547526478080172,0.456897707467489,0.776377952755906,0.381518404907977,0.381614263803679,0.333684815950922,0.769230769230769,0.31676860651617,0.145105002639325,0.249342256339598,0.183982147284899,0,0,0,1,0,0,0,0,0,0,0,0,0.481531884012602,0.496775598706902
0.0600282485875706,0.154131355932203,0.0895127118644068,0.0154484463276836,0.752936591883316,0.253693195639113,0.456458074784128,0.439778187553687,0.530612244897962,0.529411764705882,0.323734407493356,0.254484192810815,0.322147998192775,0.361538461538464,0.72905215176297,0.529494570317737,0.547526478080172,0.776377952755906,0.244823619631903,0.381518404907977,0.381614263803679,0.769230769230769,0.102,0.31676860651617,0.145105002639325,0.183982147284899,0,0,0,1,0,0,0,0,0,0,0,0,0.655113229573714,0.496050370638979
0.0955155367231638,0.0600282485875706,0.154131355932203,0.0895127118644068,0.752936591883316,0.312246549770958,0.253693195639113,0.456458074784128,0.530612244897962,0.336898395721925,0.361739256387881,0.323734407493356,0.254484192810815,0.361538461538464,0.680721276310497,0.72905215176297,0.529494570317737,0.776377952755906,0.222488496932516,0.244823619631903,0.381518404907977,0.769230769230769,0.142414828035545,0.102,0.31676860651617,0.183982147284899,0,0,0,1,0,0,0,0,0,0,0,0,0.576330471745253,0.508246677486314
0.0825388418079096,0.0955155367231638,0.0600282485875706,0.154131355932203,0.752936591883316,0.209074497297694,0.312246549770958,0.253693195639113,0.530612244897962,0.754010695187166,0.453164714118686,0.361739256387881,0.323734407493356,0.361538461538464,0.696675157527818,0.680721276310497,0.72905215176297,0.776377952755906,0.279045245398773,0.222488496932516,0.244823619631903,0.769230769230769,0.0835845132177905,0.142414828035545,0.102,0.183982147284899,0,0,0,1,0,0,0,0,0,0,0,0,0.687575036731703,0.420707944612501
0.0874823446327684,0.0825388418079096,0.0955155367231638,0.0600282485875706,0.752936591883316,0.301647871426625,0.209074497297694,0.312246549770958,0.530612244897962,0.711229946524064,0.447508820090879,0.453164714118686,0.361739256387881,0.361538461538464,0.578160611342003,0.696675157527818,0.680721276310497,0.776377952755906,0.395993098159509,0.279045245398773,0.222488496932516,0.769230769230769,0.253952552430459,0.0835845132177905,0.142414828035545,0.183982147284899,0,0,0,1,0,0,0,0,0,0,0,0,0.617480921630423,0.395133214587834
0.0938382768361582,0.0874823446327684,0.0825388418079096,0.0955155367231638,0.752936591883316,0.323991970362391,0.301647871426625,0.209074497297694,0.530612244897962,0.748663101604278,0.413263071495228,0.447508820090879,0.453164714118686,0.361538461538464,0.611744201635607,0.578160611342003,0.696675157527818,0.776377952755906,0.31805981595092,0.395993098159509,0.279045245398773,0.769230769230769,0.192830094568358,0.253952552430459,0.0835845132177905,0.183982147284899,0,0,0,1,0,0,0,0,0,0,0,0,0.583506961255243,0.451521690373438
0.18308615819209,0.0938382768361582,0.0874823446327684,0.0825388418079096,0.752936591883316,0.423028800793123,0.323991970362391,0.301647871426625,0.530612244897962,0.572192513368984,0.357669771660443,0.413263071495228,0.447508820090879,0.361538461538464,0.500603298029226,0.611744201635607,0.578160611342003,0.776377952755906,0.260736196319019,0.31805981595092,0.395993098159509,0.769230769230769,0.222094413529954,0.192830094568358,0.253952552430459,0.183982147284899,0,0,0,1,0,0,0,0,0,0,0,0,0.433557883397454,0.43268753097318
0.0111228813559322,0.18308615819209,0.0938382768361582,0.0874823446327684,0.752936591883316,0.338239374038399,0.423028800793123,0.323991970362391,0.530612244897962,0.679144385026738,0.373982197728686,0.357669771660443,0.413263071495228,0.361538461538464,0.5801045716584,0.500603298029226,0.611744201635607,0.776377952755906,0.321223159509204,0.260736196319019,0.31805981595092,0.769230769230769,0.2228249254172,0.222094413529954,0.192830094568358,0.183982147284899,0,0,0,1,0,0,0,0,0,0,0,0,0.558956570804889,0.433320953501025
0.0357521186440678,0.0111228813559322,0.18308615819209,0.0938382768361582,0.752936591883316,0.42469678951616,0.338239374038399,0.423028800793123,0.530612244897962,0.663101604278075,0.344426702717193,0.373982197728686,0.357669771660443,0.361538461538464,0.454618581579301,0.5801045716584,0.500603298029226,0.776377952755906,0.368002300613497,0.321223159509204,0.260736196319019,0.769230769230769,0.224090718970036,0.2228249254172,0.222094413529954,0.183982147284899,0,0,0,1,0,0,0,0,0,0,0,0,0.4600008047407,0.38355661290171
0.152718926553672,0.0357521186440678,0.0111228813559322,0.18308615819209,0.752936591883316,0.520554016443583,0.42469678951616,0.338239374038399,0.530612244897962,0.727272727272727,0.31932005117888,0.344426702717193,0.373982197728686,0.361538461538464,0.431156991553828,0.454618581579301,0.5801045716584,0.776377952755906,0.332151073619632,0.368002300613497,0.321223159509204,0.769230769230769,0.258708156347046,0.224090718970036,0.2228249254172,0.183982147284899,0,0,0,1,0,0,0,0,0,0,0,0,0.372416558023398,0.450661390706528
0.0067090395480226,0.152718926553672,0.0357521186440678,0.0111228813559322,0.752936591883316,0.587443839214151,0.520554016443583,0.42469678951616,0.530612244897962,0.524064171122995,0.320492614574837,0.31932005117888,0.344426702717193,0.361538461538464,0.430486660410244,0.431156991553828,0.454618581579301,0.776377952755906,0.329946319018403,0.332151073619632,0.368002300613497,0.769230769230769,0.269557119428298,0.258708156347046,0.224090718970036,0.183982147284899,0,0,0,1,0,0,0,0,0,0,0,0,0.329250687060357,0.515188916089871
0.237199858757062,0.0067090395480226,0.152718926553672,0.0357521186440678,0.752936591883316,0.43520859344785,0.587443839214151,0.520554016443583,0.530612244897962,0.411764705882353,0.239137407186425,0.320492614574837,0.31932005117888,0.361538461538464,0.668722348840326,0.430486660410244,0.431156991553828,0.776377952755906,0.342264187116563,0.329946319018403,0.332151073619632,0.769230769230769,0.124184686185442,0.269557119428298,0.258708156347046,0.183982147284899,0,0,0,1,0,0,0,0,0,0,0,0,0.547179088391998,0.619015543238573
0.0443149717514124,0.237199858757062,0.0067090395480226,0.152718926553672,0.752936591883316,0.211715479442505,0.43520859344785,0.587443839214151,0.530612244897962,0.641711229946524,0.281073792173454,0.239137407186425,0.320492614574837,0.361538461538464,0.771752245609331,0.668722348840326,0.430486660410244,0.776377952755906,0.24530291411043,0.342264187116563,0.329946319018403,0.769230769230769,0.043003407845551,0.124184686185442,0.269557119428298,0.183982147284899,0,0,0,1,0,0,0,0,0,0,0,0,0.70814470758248,0.493741985881017
0.107256355932203,0.0443149717514124,0.237199858757062,0.0067090395480226,0.752936591883316,0.380981585066393,0.211715479442505,0.43520859344785,0.530612244897962,0.529411764705882,0.241965354200337,0.281073792173454,0.239137407186425,0.361538461538464,0.60544308888591,0.771752245609331,0.668722348840326,0.776377952755906,0.317772239263805,0.24530291411043,0.342264187116563,0.769230769230769,0.181347685082669,0.043003407845551,0.124184686185442,0.183982147284899,0,0,0,1,0,0,0,0,0,0,0,0,0.541605985653122,0.50161596965429
0.017920197740113,0.107256355932203,0.0443149717514124,0.237199858757062,0.752936591883316,0.461635789778575,0.380981585066393,0.211715479442505,0.530612244897962,0.636363636363636,0.197235509358185,0.241965354200337,0.281073792173454,0.361538461538464,0.672141037672611,0.60544308888591,0.771752245609331,0.776377952755906,0.273101993865031,0.317772239263805,0.24530291411043,0.769230769230769,0.209738508520286,0.181347685082669,0.043003407845551,0.183982147284899,0,0,0,1,0,0,0,0,0,0,0,0,0.498386782187828,0.648721354578106
0,0.017920197740113,0.107256355932203,0.0443149717514124,0.752936591883316,0.47140047376139,0.461635789778575,0.380981585066393,0.530612244897962,0.727272727272727,0.200339353641661,0.197235509358185,0.241965354200337,0.361538461538464,0.612347499664833,0.672141037672611,0.60544308888591,0.776377952755906,0.359087423312885,0.273101993865031,0.317772239263805,0.769230769230769,0.212946262750364,0.209738508520286,0.181347685082669,0.183982147284899,0,0,0,1,0,0,0,0,0,0,0,0,0.501972669606677,0.59830041147329
0.00662076271186441,0,0.017920197740113,0.107256355932203,0.752936591883316,0.595387635507647,0.47140047376139,0.461635789778575,0.530612244897962,0.727272727272727,0.210788962729695,0.200339353641661,0.197235509358185,0.361538461538464,0.446842740313716,0.612347499664833,0.672141037672611,0.776377952755906,0.403278374233129,0.359087423312885,0.273101993865031,0.769230769230769,0.279799982191479,0.212946262750364,0.209738508520286,0.183982147284899,0,0,0,1,0,0,0,0,0,0,0,0,0.360019290485251,0.541697762892073
0.313029661016949,0.00662076271186441,0,0.017920197740113,0.752936591883316,0.535944687390177,0.595387635507647,0.47140047376139,0.530612244897962,0.417112299465241,0.262723175025798,0.210788962729695,0.200339353641661,0.361538461538464,0.578495776913795,0.446842740313716,0.612347499664833,0.776377952755906,0.315423696319018,0.403278374233129,0.359087423312885,0.769230769230769,0.202382958987172,0.279799982191479,0.212946262750364,0.183982147284899,0,0,0,1,0,0,0,0,0,0,0,0,0.42357907522433,0.62716093129009
0.267390536723164,0.313029661016949,0.00662076271186441,0,0.752936591883316,0.426295278709085,0.535944687390177,0.595387635507647,0.530612244897962,0.240641711229947,0.264623417470582,0.262723175025798,0.210788962729695,0.361538461538464,0.707400455825178,0.578495776913795,0.446842740313716,0.776377952755906,0.224501533742332,0.315423696319018,0.403278374233129,0.769230769230769,0.118985216913935,0.202382958987172,0.279799982191479,0.183982147284899,0,0,0,1,0,0,0,0,0,0,0,0,0.514400360605642,0.647943825943506
0.0309851694915254,0.267390536723164,0.313029661016949,0.00662076271186441,0.752936591883316,0.174463731294529,0.426295278709085,0.535944687390177,0.530612244897962,0.46524064171123,0.341012474005264,0.264623417470582,0.262723175025798,0.361538461538464,0.928140501407694,0.707400455825178,0.578495776913795,0.776377952755906,0.184815950920246,0.224501533742332,0.315423696319018,0.769230769230769,0.0778229648992679,0.118985216913935,0.202382958987172,0.183982147284899,0,0,0,1,0,0,0,0,0,0,0,0,0.783861501835121,0.59425360900607
0.0798905367231638,0.0309851694915254,0.267390536723164,0.313029661016949,0.752936591883316,0.274612554207289,0.174463731294529,0.426295278709085,0.530612244897962,0.561497326203209,0.354014132837512,0.341012474005264,0.264623417470582,0.361538461538464,0.870223890601956,0.928140501407694,0.707400455825178,0.776377952755906,0.138036809815951,0.184815950920246,0.224501533742332,0.769230769230769,0.110584460869653,0.0778229648992679,0.118985216913935,0.183982147284899,0,0,0,1,0,0,0,0,0,0,0,0,0.646466153307733,0.645652484585074
0.0913665254237288,0.0798905367231638,0.0309851694915254,0.267390536723164,0.752936591883316,0.327605945928995,0.274612554207289,0.174463731294529,0.530612244897962,0.716577540106952,0.370671430492903,0.354014132837512,0.341012474005264,0.361538461538464,0.767663225633462,0.870223890601956,0.928140501407694,0.776377952755906,0.249041411042945,0.138036809815951,0.184815950920246,0.769230769230769,0.160644227930321,0.110584460869653,0.0778229648992679,0.183982147284899,0,0,0,1,0,0,0,0,0,0,0,0,0.626671281761714,0.60628023390423
0.011034604519774,0.0913665254237288,0.0798905367231638,0.0309851694915254,0.752936591883316,0.3990167131343,0.327605945928995,0.274612554207289,0.530612244897962,0.67379679144385,0.315250566451527,0.370671430492903,0.354014132837512,0.361538461538464,0.619318943558118,0.767663225633462,0.870223890601956,0.776377952755906,0.352185582822085,0.249041411042945,0.138036809815951,0.769230769230769,0.246160930118836,0.160644227930321,0.110584460869653,0.183982147284899,0,0,0,1,0,0,0,0,0,0,0,0,0.552194443174268,0.533601970386786
0.0198622881355932,0.011034604519774,0.0913665254237288,0.0798905367231638,0.752936591883316,0.478002929123436,0.3990167131343,0.327605945928995,0.530612244897962,0.491978609625668,0.285074302583331,0.315250566451527,0.370671430492903,0.361538461538464,0.600415605309023,0.619318943558118,0.767663225633462,0.776377952755906,0.35832055214724,0.352185582822085,0.249041411042945,0.769230769230769,0.284004131231533,0.246160930118836,0.160644227930321,0.183982147284899,0,0,0,1,0,0,0,0,0,0,0,0,0.491395802713972,0.592594479120801
0,0.0198622881355932,0.011034604519774,0.0913665254237288,0.566163781105606,0.335389893303191,0.478002929123436,0.3990167131343,0.673469387755102,0.775401069518717,0.350806827077874,0.285074302583331,0.315250566451527,0.576923076923047,0.655315725968628,0.600415605309023,0.619318943558118,0.738582677165353,0.279716257668713,0.35832055214724,0.352185582822085,0,0.106685693665321,0.284004131231533,0.246160930118836,0.107240267790726,0,0,0,0,1,0,0,0,0,0,0,0,0.579148662154726,0.506395329536349
0.197210451977401,0,0.0198622881355932,0.011034604519774,0.566163781105606,0.550456189280658,0.335389893303191,0.478002929123436,0.673469387755102,0.770053475935829,0.31763018040234,0.350806827077874,0.285074302583331,0.576923076923047,0.447848237029092,0.655315725968628,0.600415605309023,0.738582677165353,0.39513036809816,0.279716257668713,0.35832055214724,0,0.302438083807225,0.106685693665321,0.284004131231533,0.107240267790726,0,0,0,0,1,0,0,0,0,0,0,0,0.3865778226778,0.498914264299947
0.0244526836158192,0.197210451977401,0,0.0198622881355932,0.566163781105606,0.525279984492216,0.550456189280658,0.335389893303191,0.673469387755102,0.74331550802139,0.254622141445647,0.31763018040234,0.350806827077874,0.576923076923047,0.587277114894757,0.447848237029092,0.655315725968628,0.738582677165353,0.38698236196319,0.39513036809816,0.279716257668713,0,0.234844786341476,0.302438083807225,0.106685693665321,0.107240267790726,0,0,0,0,1,0,0,0,0,0,0,0,0.464487601577488,0.625789040320838
0.0022069209039548,0.0244526836158192,0.197210451977401,0,0.566163781105606,0.609635039183645,0.525279984492216,0.550456189280658,0.673469387755102,0.796791443850267,0.237223369878259,0.254622141445647,0.31763018040234,0.576923076923047,0.494838450194396,0.587277114894757,0.447848237029092,0.738582677165353,0.292465490797546,0.38698236196319,0.39513036809816,0,0.259083912059323,0.234844786341476,0.302438083807225,0.107240267790726,0,0,0,0,1,0,0,0,0,0,0,0,0.32800649231281,0.609616082075806
0,0.0022069209039548,0.0244526836158192,0.197210451977401,0.566163781105606,0.664921915399539,0.609635039183645,0.525279984492216,0.673469387755102,0.882352941176471,0.260243548314683,0.237223369878259,0.254622141445647,0.576923076923047,0.353331545783618,0.494838450194396,0.587277114894757,0.738582677165353,0.399348159509203,0.292465490797546,0.38698236196319,0,0.342379240982766,0.259083912059323,0.234844786341476,0.107240267790726,0,0,0,0,1,0,0,0,0,0,0,0,0.273815827722089,0.499107324044872
0,0,0.0022069209039548,0.0244526836158192,0.566163781105606,0.707942124548042,0.664921915399539,0.609635039183645,0.673469387755102,0.732620320855615,0.259415856505756,0.260243548314683,0.237223369878259,0.576923076923047,0.313111677168521,0.353331545783618,0.494838450194396,0.738582677165353,0.398197852760736,0.399348159509203,0.292465490797546,0,0.242235938883967,0.342379240982766,0.259083912059323,0.107240267790726,0,0,0,0,1,0,0,0,0,0,0,0,0.230153033504503,0.490893752587091
0,0,0,0.0022069209039548,0.566163781105606,0.68862125517278,0.707942124548042,0.664921915399539,0.673469387755102,0.636363636363636,0.283056803799002,0.259415856505756,0.260243548314683,0.576923076923047,0.352929347097466,0.313111677168521,0.353331545783618,0.738582677165353,0.411857745398774,0.398197852760736,0.399348159509203,0,0.268457521405373,0.242235938883967,0.342379240982766,0.107240267790726,0,0,0,0,1,0,0,0,0,0,0,0,0.263241826962668,0.521582161409893
0.177083333333333,0,0,0,0.566163781105606,0.692582728390016,0.68862125517278,0.707942124548042,0.673469387755102,0.566844919786096,0.29112679893641,0.283056803799002,0.259415856505756,0.576923076923047,0.396701970773563,0.352929347097466,0.313111677168521,0.738582677165353,0.372555598159508,0.411857745398774,0.398197852760736,0,0.258034175887612,0.268457521405373,0.242235938883967,0.107240267790726,0,0,0,0,1,0,0,0,0,0,0,0,0.265151725459591,0.578152825617072
0,0.177083333333333,0,0,0.566163781105606,0.533272430456799,0.692582728390016,0.68862125517278,0.673469387755102,1,0.297386218241594,0.29112679893641,0.283056803799002,0.576923076923047,0.634870626089288,0.396701970773563,0.352929347097466,0.738582677165353,0.35242523006135,0.372555598159508,0.411857745398774,0,0.159305151096129,0.258034175887612,0.268457521405373,0.107240267790726,0,0,0,0,1,0,0,0,0,0,0,0,0.467088070236362,0.682656066416784
0.116348870056497,0,0.177083333333333,0,0.566163781105606,0.689212001178861,0.533272430456799,0.692582728390016,0.673469387755102,0.60427807486631,0.241413559661092,0.297386218241594,0.29112679893641,0.576923076923047,0.360638155248693,0.634870626089288,0.396701970773563,0.738582677165353,0.461991947852761,0.35242523006135,0.372555598159508,0,0.275861418925089,0.159305151096129,0.258034175887612,0.107240267790726,0,0,0,0,1,0,0,0,0,0,0,0,0.282793258916158,0.531551811043669
0.143449858757062,0.116348870056497,0,0.177083333333333,0.566163781105606,0.553635792783957,0.689212001178861,0.533272430456799,0.673469387755102,0.518716577540107,0.259002010601352,0.241413559661092,0.297386218241594,0.576923076923047,0.524131921169057,0.360638155248693,0.634870626089288,0.738582677165353,0.397766487730061,0.461991947852761,0.35242523006135,0,0.165471972668606,0.275861418925089,0.159305151096129,0.107240267790726,0,0,0,0,1,0,0,0,0,0,0,0,0.420332598328187,0.586670086127554
0,0.143449858757062,0.116348870056497,0,0.566163781105606,0.550247690690271,0.553635792783957,0.689212001178861,0.673469387755102,0.748663101604278,0.283453406124266,0.259002010601352,0.241413559661092,0.576923076923047,0.500938463601019,0.524131921169057,0.360638155248693,0.738582677165353,0.40102569018405,0.397766487730061,0.461991947852761,0,0.213984498337103,0.165471972668606,0.275861418925089,0.107240267790726,0,0,0,0,1,0,0,0,0,0,0,0,0.41325047412694,0.558024812228954
0,0,0.143449858757062,0.116348870056497,0.566163781105606,0.732423334035211,0.550247690690271,0.553635792783957,0.673469387755102,0.540106951871658,0.26981373485576,0.283453406124266,0.259002010601352,0.576923076923047,0.225231264244537,0.500938463601019,0.524131921169057,0.738582677165353,0.42206671779141,0.40102569018405,0.397766487730061,0,0.258524189126492,0.213984498337103,0.165471972668606,0.107240267790726,0,0,0,0,1,0,0,0,0,0,0,0,0.187726594293704,0.400158730442385
0,0,0,0.143449858757062,0.566163781105606,0.66641615529726,0.732423334035211,0.550247690690271,0.673469387755102,0.775401069518717,0.260674637798634,0.26981373485576,0.283453406124266,0.576923076923047,0.338852393082183,0.225231264244537,0.500938463601019,0.738582677165353,0.38003259202454,0.42206671779141,0.40102569018405,0,0.187922229876762,0.258524189126492,0.213984498337103,0.107240267790726,0,0,0,0,1,0,0,0,0,0,0,0,0.259836733265904,0.482806866692245
0,0,0,0,0.566163781105606,0.705700764701445,0.66641615529726,0.732423334035211,0.673469387755102,0.620320855614973,0.192114166290077,0.260674637798634,0.26981373485576,0.576923076923047,0.323099611207938,0.338852393082183,0.225231264244537,0.738582677165353,0.358703987730063,0.38003259202454,0.42206671779141,0,0.26182393323605,0.187922229876762,0.258524189126492,0.107240267790726,0,0,0,0,1,0,0,0,0,0,0,0,0.221649486215186,0.501251156865743
0,0,0,0,0.566163781105606,0.729921350950645,0.705700764701445,0.66641615529726,0.673469387755102,0.582887700534759,0.287747057383262,0.192114166290077,0.260674637798634,0.576923076923047,0.439603163962998,0.323099611207938,0.338852393082183,0.738582677165353,0.279332822085891,0.358703987730063,0.38003259202454,0,0.255502468648913,0.26182393323605,0.187922229876762,0.107240267790726,0,0,0,0,1,0,0,0,0,0,0,0,0.22403856002703,0.664857577400038
0.154396186440678,0,0,0,0.566163781105606,0.667667146839543,0.729921350950645,0.705700764701445,0.673469387755102,0.545454545454545,0.32885575056127,0.287747057383262,0.192114166290077,0.576923076923047,0.477007641775037,0.439603163962998,0.323099611207938,0.738582677165353,0.286666027607363,0.279332822085891,0.358703987730063,0,0.196217870699012,0.255502468648913,0.26182393323605,0.107240267790726,0,0,0,0,1,0,0,0,0,0,0,0,0.281208846474737,0.646634243318939
0.0154484463276836,0.154396186440678,0,0,0.566163781105606,0.491659586793364,0.667667146839543,0.729921350950645,0.673469387755102,0.679144385026738,0.32797632801422,0.32885575056127,0.287747057383262,0.576923076923047,0.695669660812442,0.477007641775037,0.439603163962998,0.738582677165353,0.199098926380369,0.286666027607363,0.279332822085891,0,0.126718486218043,0.196217870699012,0.255502468648913,0.107240267790726,0,0,0,0,1,0,0,0,0,0,0,0,0.450727229359934,0.701802755306065
0.295197740112994,0.0154484463276836,0.154396186440678,0,0.566163781105606,0.570819551607815,0.491659586793364,0.667667146839543,0.673469387755102,0.705882352941176,0.290005966278475,0.32797632801422,0.32885575056127,0.576923076923047,0.601689234481834,0.695669660812442,0.477007641775037,0.738582677165353,0.282879601226995,0.199098926380369,0.286666027607363,0,0.227091115646782,0.126718486218043,0.196217870699012,0.107240267790726,0,0,0,0,1,0,0,0,0,0,0,0,0.396600004498426,0.685862574174727
0.039989406779661,0.295197740112994,0.0154484463276836,0.154396186440678,0.566163781105606,0.46820349537556,0.570819551607815,0.491659586793364,0.673469387755102,0.74331550802139,0.337839655404407,0.290005966278475,0.32797632801422,0.576923076923047,0.649349778790722,0.601689234481834,0.695669660812442,0.738582677165353,0.3315759202454,0.282879601226995,0.199098926380369,0,0.253575485530418,0.227091115646782,0.126718486218043,0.107240267790726,0,0,0,0,1,0,0,0,0,0,0,0,0.510059229566279,0.632578889187382
0.0199505649717514,0.039989406779661,0.295197740112994,0.0154484463276836,0.566163781105606,0.532890183041096,0.46820349537556,0.570819551607815,0.673469387755102,0.545454545454545,0.37386149267329,0.337839655404407,0.290005966278475,0.576923076923047,0.578428743799437,0.649349778790722,0.601689234481834,0.738582677165353,0.307611196319018,0.3315759202454,0.282879601226995,0,0.199672033984198,0.253575485530418,0.227091115646782,0.107240267790726,0,0,0,0,1,0,0,0,0,0,0,0,0.42215848742016,0.624070255336346
0.0466101694915254,0.0199505649717514,0.039989406779661,0.295197740112994,0.566163781105606,0.411318129966752,0.532890183041096,0.46820349537556,0.673469387755102,0.46524064171123,0.395312505388578,0.37386149267329,0.337839655404407,0.576923076923047,0.715645528891272,0.578428743799437,0.649349778790722,0.738582677165353,0.288774923312885,0.307611196319018,0.3315759202454,0,0.176094498145081,0.199672033984198,0.253575485530418,0.107240267790726,0,0,0,0,1,0,0,0,0,0,0,0,0.562159286418695,0.640929957941771
0.0154484463276836,0.0466101694915254,0.0199505649717514,0.039989406779661,0.566163781105606,0.362459960287588,0.411318129966752,0.532890183041096,0.673469387755102,0.609625668449198,0.378586233415931,0.395312505388578,0.37386149267329,0.576923076923047,0.645528891272287,0.715645528891272,0.578428743799437,0.738582677165353,0.261119631901842,0.288774923312885,0.307611196319018,0,0.116030183279962,0.176094498145081,0.199672033984198,0.107240267790726,0,0,0,0,1,0,0,0,0,0,0,0,0.546057765624036,0.523614277499589
0.00662076271186441,0.0154484463276836,0.0466101694915254,0.0199505649717514,0.566163781105606,0.481894902810539,0.362459960287588,0.411318129966752,0.673469387755102,0.711229946524064,0.364998292885634,0.378586233415931,0.395312505388578,0.576923076923047,0.520378066764983,0.645528891272287,0.715645528891272,0.738582677165353,0.414158358895705,0.261119631901842,0.288774923312885,0,0.208850553533368,0.116030183279962,0.176094498145081,0.107240267790726,0,0,0,0,1,0,0,0,0,0,0,0,0.473230531449083,0.512003533404593
0.302877824858757,0.00662076271186441,0.0154484463276836,0.0466101694915254,0.566163781105606,0.549292072151028,0.481894902810539,0.362459960287588,0.673469387755102,0.27807486631016,0.329648955211501,0.364998292885634,0.378586233415931,0.576923076923047,0.418018501139563,0.520378066764983,0.645528891272287,0.738582677165353,0.376342024539876,0.414158358895705,0.261119631901842,0,0.181000029952546,0.208850553533368,0.116030183279962,0.107240267790726,0,0,0,0,1,0,0,0,0,0,0,0,0.366360018891017,0.46356891735101
0.0154484463276836,0.302877824858757,0.00662076271186441,0.0154484463276836,0.566163781105606,0.15377024619927,0.549292072151028,0.481894902810539,0.673469387755102,0.641711229946524,0.444853308870385,0.329648955211501,0.364998292885634,0.576923076923047,0.921169057514411,0.418018501139563,0.520378066764983,0.738582677165353,0.273916794478528,0.376342024539876,0.414158358895705,0,0.0456680341242834,0.181000029952546,0.208850553533368,0.107240267790726,0,0,0,0,1,0,0,0,0,0,0,0,0.85172677779435,0.567333533292525
0.100635593220339,0.0154484463276836,0.302877824858757,0.00662076271186441,0.566163781105606,0.265612365055861,0.15377024619927,0.549292072151028,0.673469387755102,0.556149732620321,0.478254122077562,0.444853308870385,0.329648955211501,0.576923076923047,0.663962997720875,0.921169057514411,0.418018501139563,0.738582677165353,0.269555214723927,0.273916794478528,0.376342024539876,0,0.227544292367338,0.0456680341242834,0.181000029952546,0.107240267790726,0,0,0,0,1,0,0,0,0,0,0,0,0.625631258066258,0.445442108886901
0.138594632768362,0.100635593220339,0.0154484463276836,0.302877824858757,0.566163781105606,0.410901132785988,0.265612365055861,0.15377024619927,0.673469387755102,0.834224598930481,0.401985770598183,0.478254122077562,0.444853308870385,0.576923076923047,0.604370559056174,0.663962997720875,0.921169057514411,0.738582677165353,0.273197852760737,0.269555214723927,0.273916794478528,0,0.154541787928635,0.227544292367338,0.0456680341242834,0.107240267790726,0,0,0,0,1,0,0,0,0,0,0,0,0.49924262237092,0.53017074171669
0.0132415254237288,0.138594632768362,0.100635593220339,0.0154484463276836,0.566163781105606,0.28486373490099,0.410901132785988,0.265612365055861,0.673469387755102,0.695187165775401,0.41195255946443,0.401985770598183,0.478254122077562,0.576923076923047,0.550140769540152,0.604370559056174,0.663962997720875,0.738582677165353,0.29582055214724,0.273197852760737,0.269555214723927,0,0.195353421032487,0.154541787928635,0.227544292367338,0.107240267790726,0,0,0,0,1,0,0,0,0,0,0,0,0.56561672809046,0.349499561056147
0.0420197740112994,0.0132415254237288,0.138594632768362,0.100635593220339,0.566163781105606,0.402022567812283,0.28486373490099,0.410901132785988,0.673469387755102,0.577540106951872,0.420574349141083,0.41195255946443,0.401985770598183,0.576923076923047,0.314184206998257,0.550140769540152,0.604370559056174,0.738582677165353,0.351322852760735,0.29582055214724,0.273197852760737,0,0.219790026408161,0.195353421032487,0.154541787928635,0.107240267790726,0,0,0,0,1,0,0,0,0,0,0,0,0.396864394479112,0.196930485596227
0.0044138418079096,0.0420197740112994,0.0132415254237288,0.138594632768362,0.566163781105606,0.343399714150316,0.402022567812283,0.28486373490099,0.673469387755102,0.315508021390374,0.434627866313909,0.420574349141083,0.41195255946443,0.576923076923047,0.606046386915137,0.314184206998257,0.550140769540152,0.738582677165353,0.230780291411044,0.351322852760735,0.29582055214724,0,0.164096419735285,0.219790026408161,0.195353421032487,0.107240267790726,0,0,0,0,1,0,0,0,0,0,0,0,0.521582966997815,0.464984285585956
0.026659604519774,0.0044138418079096,0.0420197740112994,0.0132415254237288,0.252574736959305,0.222192533609124,0.343399714150316,0.402022567812283,0.693877551020411,0.620320855614973,0.430972227491079,0.434627866313909,0.420574349141083,0.776923076923117,0.749229119184876,0.606046386915137,0.314184206998257,0.577952755905511,0.264666411042946,0.230780291411044,0.351322852760735,0.0769230769230769,0.0706962350599783,0.164096419735285,0.219790026408161,0,0,0,0,0,0,1,0,0,0,0,0,0,0.699548444311795,0.483412624734231
0.12888418079096,0.026659604519774,0.0044138418079096,0.0420197740112994,0.252574736959305,0.479983665732054,0.222192533609124,0.343399714150316,0.693877551020411,0.732620320855615,0.437611005542098,0.430972227491079,0.434627866313909,0.776923076923117,0.53559458372436,0.749229119184876,0.606046386915137,0.577952755905511,0.303872699386502,0.264666411042946,0.230780291411044,0.0769230769230769,0.238556010815793,0.0706962350599783,0.164096419735285,0,0,0,0,0,0,1,0,0,0,0,0,0,0.435103894147213,0.526483774191451
